{"ego_traj": [{"length": 4.442183971405029, "width": 1.77456533908844, "height": 1.9872066974639893, "x": 40.5, "y": 44.0, "z": 0.017192039638757706, "velocity_x": -2.4701957812567343e-08, "velocity_y": -1.9020507391331876e-09, "bbox_yaw": 90.00000762939453, "vel_yaw": -3.0647442926821675, "valid": 1}, {"length": 4.442183971405029, "width": 1.77456533908844, "height": 1.9872066974639893, "x": 39.96543884277344, "y": 72.08953094482422, "z": -0.003269462613388896, "velocity_x": 0.0020217299461364746, "velocity_y": 0.00010725975153036416, "bbox_yaw": 92.27317810058594, "vel_yaw": 0.05300375937389002, "valid": 1}], "adv_traj": [{"length": 4.181210041046143, "width": 1.9941171407699585, "height": 1.385296106338501, "x": 23.0, "y": 70.0, "z": 0.08149997889995575, "velocity_x": 0.0, "velocity_y": 0.0, "bbox_yaw": 0.0, "vel_yaw": 0.0, "valid": 1}, {"length": 4.181210041046143, "width": 1.9941171407699585, "height": 1.385296106338501, "x": 23.0, "y": 70.0, "z": -0.011320915073156357, "velocity_x": 1.0882281187285514e-11, "velocity_y": 4.668528411078121e-11, "bbox_yaw": 0.0, "vel_yaw": 1.341786879789701, "valid": 1}], "kpis": {"ttc": [Infinity], "risk_coefficient": [0.05850131452072942], "adv_acc": [1.1444316114833661e-06], "drac": [0.0], "mttc": [Infinity], "near_miss_ttc": [Infinity], "euclidean_distance": [14.019177599862045]}, "valid": "invalid", "parameters": [0.0, 1.2000000000000002, 11.25, 0.0]}